;Oklahoma City;Montgomery;Saint Paul;Trenton;Salt Lake City;Columbus;Austin;Phoenix;Hartford;Baton Rouge;Salem;Little Rock;Richmond;Jackson;Des Moines;Lansing;Denver;Boise;Raleigh;Atlanta;Madison;Indianapolis;Nashville;Columbia;Providence;Boston;Tallahassee;Sacramento;Albany;Harrisburg
Oklahoma City;;;;;;;;;;;;;;;;;;;;;;;;;;;;;;
Montgomery;;;;;;;;;;;;;;;;;;;;;;;;;;;;;;
Saint Paul;;;;;;;;;;;;;;;;;;;;;;;;;;;;;;
Trenton;;;;;;;;;;;;;;;;;;;;;;;;;;;;;;
Salt Lake City;;;;;;;;;;;;;;;;;;;;;;;;;;;;;;
Columbus;;;;;;;;;;;;;;;;;;;;;;;;;;;;;;
Austin;;;;;;;;;;;;;;;;;;;;;;;;;;;;;;
Phoenix;;;;;;;;;;;;;;;;;;;;;;;;;;;;;;
Hartford;;;;;;;;;;;;;;;;;;;;;;;;;;;;;;
Baton Rouge;;;;;;;;;;;;;;;;;;;;;;;;;;;;;;
Salem;;;;;;;;;;;;;;;;;;;;;;;;;;;;;;
Little Rock;;;;;;;;;;;;;;;;;;;;;;;;;;;;;;
Richmond;;;;;;;;;;;;;;;;;;;;;;;;;;;;;;
Jackson;;;;;;;;;;;;;;;;;;;;;;;;;;;;;;
Des Moines;;;;;;;;;;;;;;;;;;;;;;;;;;;;;;
Lansing;;;;;;;;;;;;;;;;;;;;;;;;;;;;;;
Denver;;;;;;;;;;;;;;;;;;;;;;;;;;;;;;
Boise;;;;;;;;;;;;;;;;;;;;;;;;;;;;;;
Raleigh;;;;;;;;;;;;;;;;;;;;;;;;;;;;;;
Atlanta;;;;;;;;;;;;;;;;;;;;;;;;;;;;;;
Madison;;;;;;;;;;;;;;;;;;;;;;;;;;;;;;
Indianapolis;;;;;;;;;;;;;;;;;;;;;;;;;;;;;;
Nashville;;;;;;;;;;;;;;;;;;;;;;;;;;;;;;
Columbia;;;;;;;;;;;;;;;;;;;;;;;;;;;;;;
Providence;;;;;;;;;;;;;;;;;;;;;;;;;;;;;;
Boston;;;;;;;;;;;;;;;;;;;;;;;;;;;;;;
Tallahassee;;;;;;;;;;;;;;;;;;;;;;;;;;;;;;
Sacramento;;;;;;;;;;;;;;;;;;;;;;;;;;;;;;
Albany;;;;;;;;;;;;;;;;;;;;;;;;;;;;;;
Harrisburg;;;;;;;;;;;;;;;;;;;;;;;;;;;;;;
